[{"name":"abstract class CochesRoomDatabase : RoomDatabase","description":"com.example.autocolorsprueba.database.CochesRoomDatabase","location":"app/com.example.autocolorsprueba.database/-coches-room-database/index.html","searchKeys":["CochesRoomDatabase","abstract class CochesRoomDatabase : RoomDatabase","com.example.autocolorsprueba.database.CochesRoomDatabase"]},{"name":"abstract fun colorCocheDao(): ColorCocheDao","description":"com.example.autocolorsprueba.database.CochesRoomDatabase.colorCocheDao","location":"app/com.example.autocolorsprueba.database/-coches-room-database/color-coche-dao.html","searchKeys":["colorCocheDao","abstract fun colorCocheDao(): ColorCocheDao","com.example.autocolorsprueba.database.CochesRoomDatabase.colorCocheDao"]},{"name":"abstract fun colorFavDao(): ColorFavDao","description":"com.example.autocolorsprueba.database.CochesRoomDatabase.colorFavDao","location":"app/com.example.autocolorsprueba.database/-coches-room-database/color-fav-dao.html","searchKeys":["colorFavDao","abstract fun colorFavDao(): ColorFavDao","com.example.autocolorsprueba.database.CochesRoomDatabase.colorFavDao"]},{"name":"abstract fun delete(coche: ColorCoche)","description":"com.example.autocolorsprueba.model.dao.ColorCocheDao.delete","location":"app/com.example.autocolorsprueba.model.dao/-color-coche-dao/delete.html","searchKeys":["delete","abstract fun delete(coche: ColorCoche)","com.example.autocolorsprueba.model.dao.ColorCocheDao.delete"]},{"name":"abstract fun delete(user: ColorFav)","description":"com.example.autocolorsprueba.model.dao.ColorFavDao.delete","location":"app/com.example.autocolorsprueba.model.dao/-color-fav-dao/delete.html","searchKeys":["delete","abstract fun delete(user: ColorFav)","com.example.autocolorsprueba.model.dao.ColorFavDao.delete"]},{"name":"abstract fun deleteAll()","description":"com.example.autocolorsprueba.model.dao.ColorCocheDao.deleteAll","location":"app/com.example.autocolorsprueba.model.dao/-color-coche-dao/delete-all.html","searchKeys":["deleteAll","abstract fun deleteAll()","com.example.autocolorsprueba.model.dao.ColorCocheDao.deleteAll"]},{"name":"abstract fun getAll(): MutableList<ColorCoche>","description":"com.example.autocolorsprueba.model.dao.ColorCocheDao.getAll","location":"app/com.example.autocolorsprueba.model.dao/-color-coche-dao/get-all.html","searchKeys":["getAll","abstract fun getAll(): MutableList<ColorCoche>","com.example.autocolorsprueba.model.dao.ColorCocheDao.getAll"]},{"name":"abstract fun getAll(): MutableList<ColorFav>","description":"com.example.autocolorsprueba.model.dao.ColorFavDao.getAll","location":"app/com.example.autocolorsprueba.model.dao/-color-fav-dao/get-all.html","searchKeys":["getAll","abstract fun getAll(): MutableList<ColorFav>","com.example.autocolorsprueba.model.dao.ColorFavDao.getAll"]},{"name":"abstract fun insert(coche: ColorCoche)","description":"com.example.autocolorsprueba.model.dao.ColorCocheDao.insert","location":"app/com.example.autocolorsprueba.model.dao/-color-coche-dao/insert.html","searchKeys":["insert","abstract fun insert(coche: ColorCoche)","com.example.autocolorsprueba.model.dao.ColorCocheDao.insert"]},{"name":"abstract fun insert(vararg users: ColorFav)","description":"com.example.autocolorsprueba.model.dao.ColorFavDao.insert","location":"app/com.example.autocolorsprueba.model.dao/-color-fav-dao/insert.html","searchKeys":["insert","abstract fun insert(vararg users: ColorFav)","com.example.autocolorsprueba.model.dao.ColorFavDao.insert"]},{"name":"abstract fun insertAll(coches: List<ColorCoche>)","description":"com.example.autocolorsprueba.model.dao.ColorCocheDao.insertAll","location":"app/com.example.autocolorsprueba.model.dao/-color-coche-dao/insert-all.html","searchKeys":["insertAll","abstract fun insertAll(coches: List<ColorCoche>)","com.example.autocolorsprueba.model.dao.ColorCocheDao.insertAll"]},{"name":"abstract fun insertAll(vararg users: ColorFav)","description":"com.example.autocolorsprueba.model.dao.ColorFavDao.insertAll","location":"app/com.example.autocolorsprueba.model.dao/-color-fav-dao/insert-all.html","searchKeys":["insertAll","abstract fun insertAll(vararg users: ColorFav)","com.example.autocolorsprueba.model.dao.ColorFavDao.insertAll"]},{"name":"abstract fun loadAllByIds(userIds: IntArray): List<ColorCoche>","description":"com.example.autocolorsprueba.model.dao.ColorCocheDao.loadAllByIds","location":"app/com.example.autocolorsprueba.model.dao/-color-coche-dao/load-all-by-ids.html","searchKeys":["loadAllByIds","abstract fun loadAllByIds(userIds: IntArray): List<ColorCoche>","com.example.autocolorsprueba.model.dao.ColorCocheDao.loadAllByIds"]},{"name":"abstract fun loadAllByIds(userIds: IntArray): List<ColorFav>","description":"com.example.autocolorsprueba.model.dao.ColorFavDao.loadAllByIds","location":"app/com.example.autocolorsprueba.model.dao/-color-fav-dao/load-all-by-ids.html","searchKeys":["loadAllByIds","abstract fun loadAllByIds(userIds: IntArray): List<ColorFav>","com.example.autocolorsprueba.model.dao.ColorFavDao.loadAllByIds"]},{"name":"abstract fun onCochesReceived(cochesList: List<HttpClient.Coches>)","description":"com.example.autocolorsprueba.httpClient.HttpClient.HttpClientListener.onCochesReceived","location":"app/com.example.autocolorsprueba.httpClient/-http-client/-http-client-listener/on-coches-received.html","searchKeys":["onCochesReceived","abstract fun onCochesReceived(cochesList: List<HttpClient.Coches>)","com.example.autocolorsprueba.httpClient.HttpClient.HttpClientListener.onCochesReceived"]},{"name":"class ColorCocheAdapter(val colorCocheList: MutableList<ColorCoche>) : RecyclerView.Adapter<ColorCocheViewHolder> ","description":"com.example.autocolorsprueba.adapter.ColorCocheAdapter","location":"app/com.example.autocolorsprueba.adapter/-color-coche-adapter/index.html","searchKeys":["ColorCocheAdapter","class ColorCocheAdapter(val colorCocheList: MutableList<ColorCoche>) : RecyclerView.Adapter<ColorCocheViewHolder> ","com.example.autocolorsprueba.adapter.ColorCocheAdapter"]},{"name":"class ColorCocheDetail : AppCompatActivity","description":"com.example.autocolorsprueba.ColorCocheDetail","location":"app/com.example.autocolorsprueba/-color-coche-detail/index.html","searchKeys":["ColorCocheDetail","class ColorCocheDetail : AppCompatActivity","com.example.autocolorsprueba.ColorCocheDetail"]},{"name":"class ColorCocheDetailTest","description":"com.example.autocolorsprueba.test.ColorCocheDetailTest","location":"app/com.example.autocolorsprueba.test/-color-coche-detail-test/index.html","searchKeys":["ColorCocheDetailTest","class ColorCocheDetailTest","com.example.autocolorsprueba.test.ColorCocheDetailTest"]},{"name":"class ColorCocheViewHolder(view: View) : RecyclerView.ViewHolder","description":"com.example.autocolorsprueba.adapter.ColorCocheViewHolder","location":"app/com.example.autocolorsprueba.adapter/-color-coche-view-holder/index.html","searchKeys":["ColorCocheViewHolder","class ColorCocheViewHolder(view: View) : RecyclerView.ViewHolder","com.example.autocolorsprueba.adapter.ColorCocheViewHolder"]},{"name":"class ColorFavAdapter(val colorFavList: MutableList<ColorFav>) : RecyclerView.Adapter<ColorFavViewHolder> ","description":"com.example.autocolorsprueba.adapter.ColorFavAdapter","location":"app/com.example.autocolorsprueba.adapter/-color-fav-adapter/index.html","searchKeys":["ColorFavAdapter","class ColorFavAdapter(val colorFavList: MutableList<ColorFav>) : RecyclerView.Adapter<ColorFavViewHolder> ","com.example.autocolorsprueba.adapter.ColorFavAdapter"]},{"name":"class ColorFavViewHolder(view: View) : RecyclerView.ViewHolder","description":"com.example.autocolorsprueba.adapter.ColorFavViewHolder","location":"app/com.example.autocolorsprueba.adapter/-color-fav-view-holder/index.html","searchKeys":["ColorFavViewHolder","class ColorFavViewHolder(view: View) : RecyclerView.ViewHolder","com.example.autocolorsprueba.adapter.ColorFavViewHolder"]},{"name":"class ColorMaps : AppCompatActivity, OnMapReadyCallback, GoogleMap.OnMyLocationClickListener","description":"com.example.autocolorsprueba.ColorMaps","location":"app/com.example.autocolorsprueba/-color-maps/index.html","searchKeys":["ColorMaps","class ColorMaps : AppCompatActivity, OnMapReadyCallback, GoogleMap.OnMyLocationClickListener","com.example.autocolorsprueba.ColorMaps"]},{"name":"class ColorMapsTest","description":"com.example.autocolorsprueba.test.ColorMapsTest","location":"app/com.example.autocolorsprueba.test/-color-maps-test/index.html","searchKeys":["ColorMapsTest","class ColorMapsTest","com.example.autocolorsprueba.test.ColorMapsTest"]},{"name":"class ConsultasActivity : AppCompatActivity","description":"com.example.autocolorsprueba.ConsultasActivity","location":"app/com.example.autocolorsprueba/-consultas-activity/index.html","searchKeys":["ConsultasActivity","class ConsultasActivity : AppCompatActivity","com.example.autocolorsprueba.ConsultasActivity"]},{"name":"class ConsultasActivityTest","description":"com.example.autocolorsprueba.test.ConsultasActivityTest","location":"app/com.example.autocolorsprueba.test/-consultas-activity-test/index.html","searchKeys":["ConsultasActivityTest","class ConsultasActivityTest","com.example.autocolorsprueba.test.ConsultasActivityTest"]},{"name":"class FavoritosActivity : AppCompatActivity","description":"com.example.autocolorsprueba.FavoritosActivity","location":"app/com.example.autocolorsprueba/-favoritos-activity/index.html","searchKeys":["FavoritosActivity","class FavoritosActivity : AppCompatActivity","com.example.autocolorsprueba.FavoritosActivity"]},{"name":"class Filtrar : AppCompatActivity","description":"com.example.autocolorsprueba.Filtrar","location":"app/com.example.autocolorsprueba/-filtrar/index.html","searchKeys":["Filtrar","class Filtrar : AppCompatActivity","com.example.autocolorsprueba.Filtrar"]},{"name":"class FiltrarTest","description":"com.example.autocolorsprueba.test.FiltrarTest","location":"app/com.example.autocolorsprueba.test/-filtrar-test/index.html","searchKeys":["FiltrarTest","class FiltrarTest","com.example.autocolorsprueba.test.FiltrarTest"]},{"name":"class HttpClient(listener: HttpClient.HttpClientListener)","description":"com.example.autocolorsprueba.httpClient.HttpClient","location":"app/com.example.autocolorsprueba.httpClient/-http-client/index.html","searchKeys":["HttpClient","class HttpClient(listener: HttpClient.HttpClientListener)","com.example.autocolorsprueba.httpClient.HttpClient"]},{"name":"class HttpClientTest","description":"com.example.autocolorsprueba.test.HttpClientTest","location":"app/com.example.autocolorsprueba.test/-http-client-test/index.html","searchKeys":["HttpClientTest","class HttpClientTest","com.example.autocolorsprueba.test.HttpClientTest"]},{"name":"class MainActivity : AppCompatActivity","description":"com.example.autocolorsprueba.MainActivity","location":"app/com.example.autocolorsprueba/-main-activity/index.html","searchKeys":["MainActivity","class MainActivity : AppCompatActivity","com.example.autocolorsprueba.MainActivity"]},{"name":"class MainActivityTest","description":"com.example.autocolorsprueba.test.MainActivityTest","location":"app/com.example.autocolorsprueba.test/-main-activity-test/index.html","searchKeys":["MainActivityTest","class MainActivityTest","com.example.autocolorsprueba.test.MainActivityTest"]},{"name":"class RecyclerViewItemCountAssertion(matcher: Int)","description":"com.example.autocolorsprueba.test.ConsultasActivityTest.RecyclerViewItemCountAssertion","location":"app/com.example.autocolorsprueba.test/-consultas-activity-test/-recycler-view-item-count-assertion/index.html","searchKeys":["RecyclerViewItemCountAssertion","class RecyclerViewItemCountAssertion(matcher: Int)","com.example.autocolorsprueba.test.ConsultasActivityTest.RecyclerViewItemCountAssertion"]},{"name":"class SplashActivity : AppCompatActivity","description":"com.example.autocolorsprueba.SplashActivity","location":"app/com.example.autocolorsprueba/-splash-activity/index.html","searchKeys":["SplashActivity","class SplashActivity : AppCompatActivity","com.example.autocolorsprueba.SplashActivity"]},{"name":"const val REQUEST_CODE_LOCATION: Int = 0","description":"com.example.autocolorsprueba.ColorMaps.Companion.REQUEST_CODE_LOCATION","location":"app/com.example.autocolorsprueba/-color-maps/-companion/-r-e-q-u-e-s-t_-c-o-d-e_-l-o-c-a-t-i-o-n.html","searchKeys":["REQUEST_CODE_LOCATION","const val REQUEST_CODE_LOCATION: Int = 0","com.example.autocolorsprueba.ColorMaps.Companion.REQUEST_CODE_LOCATION"]},{"name":"constructor()","description":"com.example.autocolorsprueba.ColorCocheDetail.ColorCocheDetail","location":"app/com.example.autocolorsprueba/-color-coche-detail/-color-coche-detail.html","searchKeys":["ColorCocheDetail","constructor()","com.example.autocolorsprueba.ColorCocheDetail.ColorCocheDetail"]},{"name":"constructor()","description":"com.example.autocolorsprueba.ColorMaps.ColorMaps","location":"app/com.example.autocolorsprueba/-color-maps/-color-maps.html","searchKeys":["ColorMaps","constructor()","com.example.autocolorsprueba.ColorMaps.ColorMaps"]},{"name":"constructor()","description":"com.example.autocolorsprueba.ConsultasActivity.ConsultasActivity","location":"app/com.example.autocolorsprueba/-consultas-activity/-consultas-activity.html","searchKeys":["ConsultasActivity","constructor()","com.example.autocolorsprueba.ConsultasActivity.ConsultasActivity"]},{"name":"constructor()","description":"com.example.autocolorsprueba.FavoritosActivity.FavoritosActivity","location":"app/com.example.autocolorsprueba/-favoritos-activity/-favoritos-activity.html","searchKeys":["FavoritosActivity","constructor()","com.example.autocolorsprueba.FavoritosActivity.FavoritosActivity"]},{"name":"constructor()","description":"com.example.autocolorsprueba.Filtrar.Filtrar","location":"app/com.example.autocolorsprueba/-filtrar/-filtrar.html","searchKeys":["Filtrar","constructor()","com.example.autocolorsprueba.Filtrar.Filtrar"]},{"name":"constructor()","description":"com.example.autocolorsprueba.MainActivity.MainActivity","location":"app/com.example.autocolorsprueba/-main-activity/-main-activity.html","searchKeys":["MainActivity","constructor()","com.example.autocolorsprueba.MainActivity.MainActivity"]},{"name":"constructor()","description":"com.example.autocolorsprueba.SplashActivity.SplashActivity","location":"app/com.example.autocolorsprueba/-splash-activity/-splash-activity.html","searchKeys":["SplashActivity","constructor()","com.example.autocolorsprueba.SplashActivity.SplashActivity"]},{"name":"constructor()","description":"com.example.autocolorsprueba.database.CochesRoomDatabase.CochesRoomDatabase","location":"app/com.example.autocolorsprueba.database/-coches-room-database/-coches-room-database.html","searchKeys":["CochesRoomDatabase","constructor()","com.example.autocolorsprueba.database.CochesRoomDatabase.CochesRoomDatabase"]},{"name":"constructor()","description":"com.example.autocolorsprueba.test.ColorCocheDetailTest.ColorCocheDetailTest","location":"app/com.example.autocolorsprueba.test/-color-coche-detail-test/-color-coche-detail-test.html","searchKeys":["ColorCocheDetailTest","constructor()","com.example.autocolorsprueba.test.ColorCocheDetailTest.ColorCocheDetailTest"]},{"name":"constructor()","description":"com.example.autocolorsprueba.test.ColorMapsTest.ColorMapsTest","location":"app/com.example.autocolorsprueba.test/-color-maps-test/-color-maps-test.html","searchKeys":["ColorMapsTest","constructor()","com.example.autocolorsprueba.test.ColorMapsTest.ColorMapsTest"]},{"name":"constructor()","description":"com.example.autocolorsprueba.test.ConsultasActivityTest.ConsultasActivityTest","location":"app/com.example.autocolorsprueba.test/-consultas-activity-test/-consultas-activity-test.html","searchKeys":["ConsultasActivityTest","constructor()","com.example.autocolorsprueba.test.ConsultasActivityTest.ConsultasActivityTest"]},{"name":"constructor()","description":"com.example.autocolorsprueba.test.FiltrarTest.FiltrarTest","location":"app/com.example.autocolorsprueba.test/-filtrar-test/-filtrar-test.html","searchKeys":["FiltrarTest","constructor()","com.example.autocolorsprueba.test.FiltrarTest.FiltrarTest"]},{"name":"constructor()","description":"com.example.autocolorsprueba.test.HttpClientTest.HttpClientTest","location":"app/com.example.autocolorsprueba.test/-http-client-test/-http-client-test.html","searchKeys":["HttpClientTest","constructor()","com.example.autocolorsprueba.test.HttpClientTest.HttpClientTest"]},{"name":"constructor()","description":"com.example.autocolorsprueba.test.MainActivityTest.MainActivityTest","location":"app/com.example.autocolorsprueba.test/-main-activity-test/-main-activity-test.html","searchKeys":["MainActivityTest","constructor()","com.example.autocolorsprueba.test.MainActivityTest.MainActivityTest"]},{"name":"constructor(colorCocheList: MutableList<ColorCoche>)","description":"com.example.autocolorsprueba.adapter.ColorCocheAdapter.ColorCocheAdapter","location":"app/com.example.autocolorsprueba.adapter/-color-coche-adapter/-color-coche-adapter.html","searchKeys":["ColorCocheAdapter","constructor(colorCocheList: MutableList<ColorCoche>)","com.example.autocolorsprueba.adapter.ColorCocheAdapter.ColorCocheAdapter"]},{"name":"constructor(colorFavList: MutableList<ColorFav>)","description":"com.example.autocolorsprueba.adapter.ColorFavAdapter.ColorFavAdapter","location":"app/com.example.autocolorsprueba.adapter/-color-fav-adapter/-color-fav-adapter.html","searchKeys":["ColorFavAdapter","constructor(colorFavList: MutableList<ColorFav>)","com.example.autocolorsprueba.adapter.ColorFavAdapter.ColorFavAdapter"]},{"name":"constructor(id: Long, year: Int, maker: String, model: String, paintColorName: String, code: String, catalogueURL: String, hexadecimal: String, red: Int, green: Int, blue: Int, colorSampleURL: String, matchPercentage: Double?)","description":"com.example.autocolorsprueba.httpClient.HttpClient.Coches.Coches","location":"app/com.example.autocolorsprueba.httpClient/-http-client/-coches/-coches.html","searchKeys":["Coches","constructor(id: Long, year: Int, maker: String, model: String, paintColorName: String, code: String, catalogueURL: String, hexadecimal: String, red: Int, green: Int, blue: Int, colorSampleURL: String, matchPercentage: Double?)","com.example.autocolorsprueba.httpClient.HttpClient.Coches.Coches"]},{"name":"constructor(listener: HttpClient.HttpClientListener)","description":"com.example.autocolorsprueba.httpClient.HttpClient.HttpClient","location":"app/com.example.autocolorsprueba.httpClient/-http-client/-http-client.html","searchKeys":["HttpClient","constructor(listener: HttpClient.HttpClientListener)","com.example.autocolorsprueba.httpClient.HttpClient.HttpClient"]},{"name":"constructor(matcher: Int)","description":"com.example.autocolorsprueba.test.ConsultasActivityTest.RecyclerViewItemCountAssertion.RecyclerViewItemCountAssertion","location":"app/com.example.autocolorsprueba.test/-consultas-activity-test/-recycler-view-item-count-assertion/-recycler-view-item-count-assertion.html","searchKeys":["RecyclerViewItemCountAssertion","constructor(matcher: Int)","com.example.autocolorsprueba.test.ConsultasActivityTest.RecyclerViewItemCountAssertion.RecyclerViewItemCountAssertion"]},{"name":"constructor(name: String, latitude: Double, longitude: Double)","description":"com.example.autocolorsprueba.ColorMaps.Taller.Taller","location":"app/com.example.autocolorsprueba/-color-maps/-taller/-taller.html","searchKeys":["Taller","constructor(name: String, latitude: Double, longitude: Double)","com.example.autocolorsprueba.ColorMaps.Taller.Taller"]},{"name":"constructor(uid: Long, anio: Int?, marca: String?, modelo: String?, nombrePintura: String?, codigo: String?, catalogueURL: String?, hexadecimal: String?, red: Int, green: Int, blue: Int, colorsampleURL: String?, matchPercentage: Double?)","description":"com.example.autocolorsprueba.model.entity.ColorCoche.ColorCoche","location":"app/com.example.autocolorsprueba.model.entity/-color-coche/-color-coche.html","searchKeys":["ColorCoche","constructor(uid: Long, anio: Int?, marca: String?, modelo: String?, nombrePintura: String?, codigo: String?, catalogueURL: String?, hexadecimal: String?, red: Int, green: Int, blue: Int, colorsampleURL: String?, matchPercentage: Double?)","com.example.autocolorsprueba.model.entity.ColorCoche.ColorCoche"]},{"name":"constructor(uid: Long, anio: Int?, marca: String?, modelo: String?, nombrePintura: String?, codigo: String?, catalogueURL: String?, hexadecimal: String?, red: Int, green: Int, blue: Int, colorsampleURL: String?, matchPercentage: Double?)","description":"com.example.autocolorsprueba.model.entity.ColorFav.ColorFav","location":"app/com.example.autocolorsprueba.model.entity/-color-fav/-color-fav.html","searchKeys":["ColorFav","constructor(uid: Long, anio: Int?, marca: String?, modelo: String?, nombrePintura: String?, codigo: String?, catalogueURL: String?, hexadecimal: String?, red: Int, green: Int, blue: Int, colorsampleURL: String?, matchPercentage: Double?)","com.example.autocolorsprueba.model.entity.ColorFav.ColorFav"]},{"name":"constructor(view: View)","description":"com.example.autocolorsprueba.adapter.ColorCocheViewHolder.ColorCocheViewHolder","location":"app/com.example.autocolorsprueba.adapter/-color-coche-view-holder/-color-coche-view-holder.html","searchKeys":["ColorCocheViewHolder","constructor(view: View)","com.example.autocolorsprueba.adapter.ColorCocheViewHolder.ColorCocheViewHolder"]},{"name":"constructor(view: View)","description":"com.example.autocolorsprueba.adapter.ColorFavViewHolder.ColorFavViewHolder","location":"app/com.example.autocolorsprueba.adapter/-color-fav-view-holder/-color-fav-view-holder.html","searchKeys":["ColorFavViewHolder","constructor(view: View)","com.example.autocolorsprueba.adapter.ColorFavViewHolder.ColorFavViewHolder"]},{"name":"data class Coches(val id: Long, val year: Int, val maker: String, val model: String, val paintColorName: String, val code: String, val catalogueURL: String, val hexadecimal: String, val red: Int, val green: Int, val blue: Int, val colorSampleURL: String, val matchPercentage: Double?)","description":"com.example.autocolorsprueba.httpClient.HttpClient.Coches","location":"app/com.example.autocolorsprueba.httpClient/-http-client/-coches/index.html","searchKeys":["Coches","data class Coches(val id: Long, val year: Int, val maker: String, val model: String, val paintColorName: String, val code: String, val catalogueURL: String, val hexadecimal: String, val red: Int, val green: Int, val blue: Int, val colorSampleURL: String, val matchPercentage: Double?)","com.example.autocolorsprueba.httpClient.HttpClient.Coches"]},{"name":"data class ColorCoche(val uid: Long, val anio: Int?, val marca: String?, val modelo: String?, val nombrePintura: String?, val codigo: String?, val catalogueURL: String?, val hexadecimal: String?, val red: Int, val green: Int, val blue: Int, val colorsampleURL: String?, val matchPercentage: Double?)","description":"com.example.autocolorsprueba.model.entity.ColorCoche","location":"app/com.example.autocolorsprueba.model.entity/-color-coche/index.html","searchKeys":["ColorCoche","data class ColorCoche(val uid: Long, val anio: Int?, val marca: String?, val modelo: String?, val nombrePintura: String?, val codigo: String?, val catalogueURL: String?, val hexadecimal: String?, val red: Int, val green: Int, val blue: Int, val colorsampleURL: String?, val matchPercentage: Double?)","com.example.autocolorsprueba.model.entity.ColorCoche"]},{"name":"data class ColorFav(val uid: Long, val anio: Int?, val marca: String?, val modelo: String?, val nombrePintura: String?, val codigo: String?, val catalogueURL: String?, val hexadecimal: String?, val red: Int, val green: Int, val blue: Int, val colorsampleURL: String?, val matchPercentage: Double?) : Serializable","description":"com.example.autocolorsprueba.model.entity.ColorFav","location":"app/com.example.autocolorsprueba.model.entity/-color-fav/index.html","searchKeys":["ColorFav","data class ColorFav(val uid: Long, val anio: Int?, val marca: String?, val modelo: String?, val nombrePintura: String?, val codigo: String?, val catalogueURL: String?, val hexadecimal: String?, val red: Int, val green: Int, val blue: Int, val colorsampleURL: String?, val matchPercentage: Double?) : Serializable","com.example.autocolorsprueba.model.entity.ColorFav"]},{"name":"data class Taller(val name: String, val latitude: Double, val longitude: Double)","description":"com.example.autocolorsprueba.ColorMaps.Taller","location":"app/com.example.autocolorsprueba/-color-maps/-taller/index.html","searchKeys":["Taller","data class Taller(val name: String, val latitude: Double, val longitude: Double)","com.example.autocolorsprueba.ColorMaps.Taller"]},{"name":"fun buscarColor()","description":"com.example.autocolorsprueba.Filtrar.buscarColor","location":"app/com.example.autocolorsprueba/-filtrar/buscar-color.html","searchKeys":["buscarColor","fun buscarColor()","com.example.autocolorsprueba.Filtrar.buscarColor"]},{"name":"fun cifrar(textoEnClaro: String, key: Key): String","description":"com.example.autocolorsprueba.httpClient.HttpClient.CypherManagerAES.cifrar","location":"app/com.example.autocolorsprueba.httpClient/-http-client/-cypher-manager-a-e-s/cifrar.html","searchKeys":["cifrar","fun cifrar(textoEnClaro: String, key: Key): String","com.example.autocolorsprueba.httpClient.HttpClient.CypherManagerAES.cifrar"]},{"name":"fun descifrar(textoCifrado: String, key: Key): String","description":"com.example.autocolorsprueba.httpClient.HttpClient.CypherManagerAES.descifrar","location":"app/com.example.autocolorsprueba.httpClient/-http-client/-cypher-manager-a-e-s/descifrar.html","searchKeys":["descifrar","fun descifrar(textoCifrado: String, key: Key): String","com.example.autocolorsprueba.httpClient.HttpClient.CypherManagerAES.descifrar"]},{"name":"fun executeGetRequest(serverUrl: String, params: Map<String, String>)","description":"com.example.autocolorsprueba.httpClient.HttpClient.executeGetRequest","location":"app/com.example.autocolorsprueba.httpClient/-http-client/execute-get-request.html","searchKeys":["executeGetRequest","fun executeGetRequest(serverUrl: String, params: Map<String, String>)","com.example.autocolorsprueba.httpClient.HttpClient.executeGetRequest"]},{"name":"fun getInstance(context: Context): CochesRoomDatabase","description":"com.example.autocolorsprueba.database.CochesRoomDatabase.Companion.getInstance","location":"app/com.example.autocolorsprueba.database/-coches-room-database/-companion/get-instance.html","searchKeys":["getInstance","fun getInstance(context: Context): CochesRoomDatabase","com.example.autocolorsprueba.database.CochesRoomDatabase.Companion.getInstance"]},{"name":"fun getString(): String?","description":"com.example.autocolorsprueba.ColorStorage.getString","location":"app/com.example.autocolorsprueba/-color-storage/get-string.html","searchKeys":["getString","fun getString(): String?","com.example.autocolorsprueba.ColorStorage.getString"]},{"name":"fun greaterThan(expected: Int): ConsultasActivityTest.RecyclerViewItemCountAssertion","description":"com.example.autocolorsprueba.test.ConsultasActivityTest.RecyclerViewItemCountAssertion.Companion.greaterThan","location":"app/com.example.autocolorsprueba.test/-consultas-activity-test/-recycler-view-item-count-assertion/-companion/greater-than.html","searchKeys":["greaterThan","fun greaterThan(expected: Int): ConsultasActivityTest.RecyclerViewItemCountAssertion","com.example.autocolorsprueba.test.ConsultasActivityTest.RecyclerViewItemCountAssertion.Companion.greaterThan"]},{"name":"fun initRecyclerView()","description":"com.example.autocolorsprueba.ConsultasActivity.initRecyclerView","location":"app/com.example.autocolorsprueba/-consultas-activity/init-recycler-view.html","searchKeys":["initRecyclerView","fun initRecyclerView()","com.example.autocolorsprueba.ConsultasActivity.initRecyclerView"]},{"name":"fun initRecyclerView()","description":"com.example.autocolorsprueba.FavoritosActivity.initRecyclerView","location":"app/com.example.autocolorsprueba/-favoritos-activity/init-recycler-view.html","searchKeys":["initRecyclerView","fun initRecyclerView()","com.example.autocolorsprueba.FavoritosActivity.initRecyclerView"]},{"name":"fun isValidColorHex(colorHex: String): Boolean","description":"com.example.autocolorsprueba.Filtrar.isValidColorHex","location":"app/com.example.autocolorsprueba/-filtrar/is-valid-color-hex.html","searchKeys":["isValidColorHex","fun isValidColorHex(colorHex: String): Boolean","com.example.autocolorsprueba.Filtrar.isValidColorHex"]},{"name":"fun isValidMarca(marca: String): Boolean","description":"com.example.autocolorsprueba.Filtrar.isValidMarca","location":"app/com.example.autocolorsprueba/-filtrar/is-valid-marca.html","searchKeys":["isValidMarca","fun isValidMarca(marca: String): Boolean","com.example.autocolorsprueba.Filtrar.isValidMarca"]},{"name":"fun isValidMatch(match: String): Boolean","description":"com.example.autocolorsprueba.Filtrar.isValidMatch","location":"app/com.example.autocolorsprueba/-filtrar/is-valid-match.html","searchKeys":["isValidMatch","fun isValidMatch(match: String): Boolean","com.example.autocolorsprueba.Filtrar.isValidMatch"]},{"name":"fun isValidYear(year: String): Boolean","description":"com.example.autocolorsprueba.Filtrar.isValidYear","location":"app/com.example.autocolorsprueba/-filtrar/is-valid-year.html","searchKeys":["isValidYear","fun isValidYear(year: String): Boolean","com.example.autocolorsprueba.Filtrar.isValidYear"]},{"name":"fun obtenerClave(password: String, longitud: Int): Key","description":"com.example.autocolorsprueba.httpClient.HttpClient.CypherManagerAES.obtenerClave","location":"app/com.example.autocolorsprueba.httpClient/-http-client/-cypher-manager-a-e-s/obtener-clave.html","searchKeys":["obtenerClave","fun obtenerClave(password: String, longitud: Int): Key","com.example.autocolorsprueba.httpClient.HttpClient.CypherManagerAES.obtenerClave"]},{"name":"fun render(colorCoche: ColorCoche)","description":"com.example.autocolorsprueba.adapter.ColorCocheViewHolder.render","location":"app/com.example.autocolorsprueba.adapter/-color-coche-view-holder/render.html","searchKeys":["render","fun render(colorCoche: ColorCoche)","com.example.autocolorsprueba.adapter.ColorCocheViewHolder.render"]},{"name":"fun render(colorCoche: ColorFav)","description":"com.example.autocolorsprueba.adapter.ColorFavViewHolder.render","location":"app/com.example.autocolorsprueba.adapter/-color-fav-view-holder/render.html","searchKeys":["render","fun render(colorCoche: ColorFav)","com.example.autocolorsprueba.adapter.ColorFavViewHolder.render"]},{"name":"fun setString(value: String)","description":"com.example.autocolorsprueba.ColorStorage.setString","location":"app/com.example.autocolorsprueba/-color-storage/set-string.html","searchKeys":["setString","fun setString(value: String)","com.example.autocolorsprueba.ColorStorage.setString"]},{"name":"fun setUp()","description":"com.example.autocolorsprueba.test.ColorMapsTest.setUp","location":"app/com.example.autocolorsprueba.test/-color-maps-test/set-up.html","searchKeys":["setUp","fun setUp()","com.example.autocolorsprueba.test.ColorMapsTest.setUp"]},{"name":"fun setUp()","description":"com.example.autocolorsprueba.test.FiltrarTest.setUp","location":"app/com.example.autocolorsprueba.test/-filtrar-test/set-up.html","searchKeys":["setUp","fun setUp()","com.example.autocolorsprueba.test.FiltrarTest.setUp"]},{"name":"fun setUp()","description":"com.example.autocolorsprueba.test.HttpClientTest.setUp","location":"app/com.example.autocolorsprueba.test/-http-client-test/set-up.html","searchKeys":["setUp","fun setUp()","com.example.autocolorsprueba.test.HttpClientTest.setUp"]},{"name":"fun testBuscarColor()","description":"com.example.autocolorsprueba.test.FiltrarTest.testBuscarColor","location":"app/com.example.autocolorsprueba.test/-filtrar-test/test-buscar-color.html","searchKeys":["testBuscarColor","fun testBuscarColor()","com.example.autocolorsprueba.test.FiltrarTest.testBuscarColor"]},{"name":"fun testExecuteGetRequest(): <Error class: unknown class>","description":"com.example.autocolorsprueba.test.HttpClientTest.testExecuteGetRequest","location":"app/com.example.autocolorsprueba.test/-http-client-test/test-execute-get-request.html","searchKeys":["testExecuteGetRequest","fun testExecuteGetRequest(): <Error class: unknown class>","com.example.autocolorsprueba.test.HttpClientTest.testExecuteGetRequest"]},{"name":"fun testOnMyLocationClick()","description":"com.example.autocolorsprueba.test.ColorMapsTest.testOnMyLocationClick","location":"app/com.example.autocolorsprueba.test/-color-maps-test/test-on-my-location-click.html","searchKeys":["testOnMyLocationClick","fun testOnMyLocationClick()","com.example.autocolorsprueba.test.ColorMapsTest.testOnMyLocationClick"]},{"name":"fun testRecyclerViewInitialization()","description":"com.example.autocolorsprueba.test.ConsultasActivityTest.testRecyclerViewInitialization","location":"app/com.example.autocolorsprueba.test/-consultas-activity-test/test-recycler-view-initialization.html","searchKeys":["testRecyclerViewInitialization","fun testRecyclerViewInitialization()","com.example.autocolorsprueba.test.ConsultasActivityTest.testRecyclerViewInitialization"]},{"name":"fun testValidColorHex()","description":"com.example.autocolorsprueba.test.FiltrarTest.testValidColorHex","location":"app/com.example.autocolorsprueba.test/-filtrar-test/test-valid-color-hex.html","searchKeys":["testValidColorHex","fun testValidColorHex()","com.example.autocolorsprueba.test.FiltrarTest.testValidColorHex"]},{"name":"fun testValidMarca()","description":"com.example.autocolorsprueba.test.FiltrarTest.testValidMarca","location":"app/com.example.autocolorsprueba.test/-filtrar-test/test-valid-marca.html","searchKeys":["testValidMarca","fun testValidMarca()","com.example.autocolorsprueba.test.FiltrarTest.testValidMarca"]},{"name":"fun testValidMatch()","description":"com.example.autocolorsprueba.test.FiltrarTest.testValidMatch","location":"app/com.example.autocolorsprueba.test/-filtrar-test/test-valid-match.html","searchKeys":["testValidMatch","fun testValidMatch()","com.example.autocolorsprueba.test.FiltrarTest.testValidMatch"]},{"name":"fun testValidYear()","description":"com.example.autocolorsprueba.test.FiltrarTest.testValidYear","location":"app/com.example.autocolorsprueba.test/-filtrar-test/test-valid-year.html","searchKeys":["testValidYear","fun testValidYear()","com.example.autocolorsprueba.test.FiltrarTest.testValidYear"]},{"name":"fun testViewsDisplayed()","description":"com.example.autocolorsprueba.test.ColorCocheDetailTest.testViewsDisplayed","location":"app/com.example.autocolorsprueba.test/-color-coche-detail-test/test-views-displayed.html","searchKeys":["testViewsDisplayed","fun testViewsDisplayed()","com.example.autocolorsprueba.test.ColorCocheDetailTest.testViewsDisplayed"]},{"name":"fun test_MainActivity_carga()","description":"com.example.autocolorsprueba.test.MainActivityTest.test_MainActivity_carga","location":"app/com.example.autocolorsprueba.test/-main-activity-test/test_-main-activity_carga.html","searchKeys":["test_MainActivity_carga","fun test_MainActivity_carga()","com.example.autocolorsprueba.test.MainActivityTest.test_MainActivity_carga"]},{"name":"fun test_Navegacion_de_MainActivity_a_FavoritosActivity()","description":"com.example.autocolorsprueba.test.MainActivityTest.test_Navegacion_de_MainActivity_a_FavoritosActivity","location":"app/com.example.autocolorsprueba.test/-main-activity-test/test_-navegacion_de_-main-activity_a_-favoritos-activity.html","searchKeys":["test_Navegacion_de_MainActivity_a_FavoritosActivity","fun test_Navegacion_de_MainActivity_a_FavoritosActivity()","com.example.autocolorsprueba.test.MainActivityTest.test_Navegacion_de_MainActivity_a_FavoritosActivity"]},{"name":"fun test_Navegacion_de_MainActivity_a_FiltraryActivity()","description":"com.example.autocolorsprueba.test.MainActivityTest.test_Navegacion_de_MainActivity_a_FiltraryActivity","location":"app/com.example.autocolorsprueba.test/-main-activity-test/test_-navegacion_de_-main-activity_a_-filtrary-activity.html","searchKeys":["test_Navegacion_de_MainActivity_a_FiltraryActivity","fun test_Navegacion_de_MainActivity_a_FiltraryActivity()","com.example.autocolorsprueba.test.MainActivityTest.test_Navegacion_de_MainActivity_a_FiltraryActivity"]},{"name":"fun test_Navegacion_de_MainActivity_a_MapasActivity()","description":"com.example.autocolorsprueba.test.MainActivityTest.test_Navegacion_de_MainActivity_a_MapasActivity","location":"app/com.example.autocolorsprueba.test/-main-activity-test/test_-navegacion_de_-main-activity_a_-mapas-activity.html","searchKeys":["test_Navegacion_de_MainActivity_a_MapasActivity","fun test_Navegacion_de_MainActivity_a_MapasActivity()","com.example.autocolorsprueba.test.MainActivityTest.test_Navegacion_de_MainActivity_a_MapasActivity"]},{"name":"interface ColorCocheDao","description":"com.example.autocolorsprueba.model.dao.ColorCocheDao","location":"app/com.example.autocolorsprueba.model.dao/-color-coche-dao/index.html","searchKeys":["ColorCocheDao","interface ColorCocheDao","com.example.autocolorsprueba.model.dao.ColorCocheDao"]},{"name":"interface ColorFavDao","description":"com.example.autocolorsprueba.model.dao.ColorFavDao","location":"app/com.example.autocolorsprueba.model.dao/-color-fav-dao/index.html","searchKeys":["ColorFavDao","interface ColorFavDao","com.example.autocolorsprueba.model.dao.ColorFavDao"]},{"name":"interface HttpClientListener","description":"com.example.autocolorsprueba.httpClient.HttpClient.HttpClientListener","location":"app/com.example.autocolorsprueba.httpClient/-http-client/-http-client-listener/index.html","searchKeys":["HttpClientListener","interface HttpClientListener","com.example.autocolorsprueba.httpClient.HttpClient.HttpClientListener"]},{"name":"lateinit var bottomNavigationView: BottomNavigationView","description":"com.example.autocolorsprueba.ColorCocheDetail.bottomNavigationView","location":"app/com.example.autocolorsprueba/-color-coche-detail/bottom-navigation-view.html","searchKeys":["bottomNavigationView","lateinit var bottomNavigationView: BottomNavigationView","com.example.autocolorsprueba.ColorCocheDetail.bottomNavigationView"]},{"name":"lateinit var bottomNavigationView: BottomNavigationView","description":"com.example.autocolorsprueba.ColorMaps.bottomNavigationView","location":"app/com.example.autocolorsprueba/-color-maps/bottom-navigation-view.html","searchKeys":["bottomNavigationView","lateinit var bottomNavigationView: BottomNavigationView","com.example.autocolorsprueba.ColorMaps.bottomNavigationView"]},{"name":"lateinit var bottomNavigationView: BottomNavigationView","description":"com.example.autocolorsprueba.ConsultasActivity.bottomNavigationView","location":"app/com.example.autocolorsprueba/-consultas-activity/bottom-navigation-view.html","searchKeys":["bottomNavigationView","lateinit var bottomNavigationView: BottomNavigationView","com.example.autocolorsprueba.ConsultasActivity.bottomNavigationView"]},{"name":"lateinit var bottomNavigationView: BottomNavigationView","description":"com.example.autocolorsprueba.FavoritosActivity.bottomNavigationView","location":"app/com.example.autocolorsprueba/-favoritos-activity/bottom-navigation-view.html","searchKeys":["bottomNavigationView","lateinit var bottomNavigationView: BottomNavigationView","com.example.autocolorsprueba.FavoritosActivity.bottomNavigationView"]},{"name":"lateinit var bottomNavigationView: BottomNavigationView","description":"com.example.autocolorsprueba.MainActivity.bottomNavigationView","location":"app/com.example.autocolorsprueba/-main-activity/bottom-navigation-view.html","searchKeys":["bottomNavigationView","lateinit var bottomNavigationView: BottomNavigationView","com.example.autocolorsprueba.MainActivity.bottomNavigationView"]},{"name":"lateinit var filtrar: Filtrar","description":"com.example.autocolorsprueba.test.FiltrarTest.filtrar","location":"app/com.example.autocolorsprueba.test/-filtrar-test/filtrar.html","searchKeys":["filtrar","lateinit var filtrar: Filtrar","com.example.autocolorsprueba.test.FiltrarTest.filtrar"]},{"name":"lateinit var hexadecimal: EditText","description":"com.example.autocolorsprueba.Filtrar.hexadecimal","location":"app/com.example.autocolorsprueba/-filtrar/hexadecimal.html","searchKeys":["hexadecimal","lateinit var hexadecimal: EditText","com.example.autocolorsprueba.Filtrar.hexadecimal"]},{"name":"lateinit var marca: EditText","description":"com.example.autocolorsprueba.Filtrar.marca","location":"app/com.example.autocolorsprueba/-filtrar/marca.html","searchKeys":["marca","lateinit var marca: EditText","com.example.autocolorsprueba.Filtrar.marca"]},{"name":"lateinit var match: EditText","description":"com.example.autocolorsprueba.Filtrar.match","location":"app/com.example.autocolorsprueba/-filtrar/match.html","searchKeys":["match","lateinit var match: EditText","com.example.autocolorsprueba.Filtrar.match"]},{"name":"lateinit var serverUrl: String","description":"com.example.autocolorsprueba.Filtrar.serverUrl","location":"app/com.example.autocolorsprueba/-filtrar/server-url.html","searchKeys":["serverUrl","lateinit var serverUrl: String","com.example.autocolorsprueba.Filtrar.serverUrl"]},{"name":"lateinit var year: EditText","description":"com.example.autocolorsprueba.Filtrar.year","location":"app/com.example.autocolorsprueba/-filtrar/year.html","searchKeys":["year","lateinit var year: EditText","com.example.autocolorsprueba.Filtrar.year"]},{"name":"object ColorStorage","description":"com.example.autocolorsprueba.ColorStorage","location":"app/com.example.autocolorsprueba/-color-storage/index.html","searchKeys":["ColorStorage","object ColorStorage","com.example.autocolorsprueba.ColorStorage"]},{"name":"object Companion","description":"com.example.autocolorsprueba.ColorMaps.Companion","location":"app/com.example.autocolorsprueba/-color-maps/-companion/index.html","searchKeys":["Companion","object Companion","com.example.autocolorsprueba.ColorMaps.Companion"]},{"name":"object Companion","description":"com.example.autocolorsprueba.database.CochesRoomDatabase.Companion","location":"app/com.example.autocolorsprueba.database/-coches-room-database/-companion/index.html","searchKeys":["Companion","object Companion","com.example.autocolorsprueba.database.CochesRoomDatabase.Companion"]},{"name":"object Companion","description":"com.example.autocolorsprueba.test.ConsultasActivityTest.RecyclerViewItemCountAssertion.Companion","location":"app/com.example.autocolorsprueba.test/-consultas-activity-test/-recycler-view-item-count-assertion/-companion/index.html","searchKeys":["Companion","object Companion","com.example.autocolorsprueba.test.ConsultasActivityTest.RecyclerViewItemCountAssertion.Companion"]},{"name":"object CypherManagerAES","description":"com.example.autocolorsprueba.httpClient.HttpClient.CypherManagerAES","location":"app/com.example.autocolorsprueba.httpClient/-http-client/-cypher-manager-a-e-s/index.html","searchKeys":["CypherManagerAES","object CypherManagerAES","com.example.autocolorsprueba.httpClient.HttpClient.CypherManagerAES"]},{"name":"open fun check(view: View?, noViewFoundException: <Error class: unknown class>?)","description":"com.example.autocolorsprueba.test.ConsultasActivityTest.RecyclerViewItemCountAssertion.check","location":"app/com.example.autocolorsprueba.test/-consultas-activity-test/-recycler-view-item-count-assertion/check.html","searchKeys":["check","open fun check(view: View?, noViewFoundException: <Error class: unknown class>?)","com.example.autocolorsprueba.test.ConsultasActivityTest.RecyclerViewItemCountAssertion.check"]},{"name":"open fun onCochesReceived(cochesList: List<<Error class: unknown class>>)","description":"com.example.autocolorsprueba.Filtrar.onCochesReceived","location":"app/com.example.autocolorsprueba/-filtrar/on-coches-received.html","searchKeys":["onCochesReceived","open fun onCochesReceived(cochesList: List<<Error class: unknown class>>)","com.example.autocolorsprueba.Filtrar.onCochesReceived"]},{"name":"open fun onCochesReceived(cochesList: List<<Error class: unknown class>>)","description":"com.example.autocolorsprueba.MainActivity.onCochesReceived","location":"app/com.example.autocolorsprueba/-main-activity/on-coches-received.html","searchKeys":["onCochesReceived","open fun onCochesReceived(cochesList: List<<Error class: unknown class>>)","com.example.autocolorsprueba.MainActivity.onCochesReceived"]},{"name":"open fun onCochesReceived(cochesList: List<<Error class: unknown class>>)","description":"com.example.autocolorsprueba.test.HttpClientTest.onCochesReceived","location":"app/com.example.autocolorsprueba.test/-http-client-test/on-coches-received.html","searchKeys":["onCochesReceived","open fun onCochesReceived(cochesList: List<<Error class: unknown class>>)","com.example.autocolorsprueba.test.HttpClientTest.onCochesReceived"]},{"name":"open override fun getItemCount(): Int","description":"com.example.autocolorsprueba.adapter.ColorCocheAdapter.getItemCount","location":"app/com.example.autocolorsprueba.adapter/-color-coche-adapter/get-item-count.html","searchKeys":["getItemCount","open override fun getItemCount(): Int","com.example.autocolorsprueba.adapter.ColorCocheAdapter.getItemCount"]},{"name":"open override fun getItemCount(): Int","description":"com.example.autocolorsprueba.adapter.ColorFavAdapter.getItemCount","location":"app/com.example.autocolorsprueba.adapter/-color-fav-adapter/get-item-count.html","searchKeys":["getItemCount","open override fun getItemCount(): Int","com.example.autocolorsprueba.adapter.ColorFavAdapter.getItemCount"]},{"name":"open override fun onBindViewHolder(holder: ColorCocheViewHolder, position: Int)","description":"com.example.autocolorsprueba.adapter.ColorCocheAdapter.onBindViewHolder","location":"app/com.example.autocolorsprueba.adapter/-color-coche-adapter/on-bind-view-holder.html","searchKeys":["onBindViewHolder","open override fun onBindViewHolder(holder: ColorCocheViewHolder, position: Int)","com.example.autocolorsprueba.adapter.ColorCocheAdapter.onBindViewHolder"]},{"name":"open override fun onBindViewHolder(holder: ColorFavViewHolder, position: Int)","description":"com.example.autocolorsprueba.adapter.ColorFavAdapter.onBindViewHolder","location":"app/com.example.autocolorsprueba.adapter/-color-fav-adapter/on-bind-view-holder.html","searchKeys":["onBindViewHolder","open override fun onBindViewHolder(holder: ColorFavViewHolder, position: Int)","com.example.autocolorsprueba.adapter.ColorFavAdapter.onBindViewHolder"]},{"name":"open override fun onContextItemSelected(item: MenuItem): Boolean","description":"com.example.autocolorsprueba.MainActivity.onContextItemSelected","location":"app/com.example.autocolorsprueba/-main-activity/on-context-item-selected.html","searchKeys":["onContextItemSelected","open override fun onContextItemSelected(item: MenuItem): Boolean","com.example.autocolorsprueba.MainActivity.onContextItemSelected"]},{"name":"open override fun onCreateContextMenu(menu: ContextMenu, v: View, menuInfo: ContextMenu.ContextMenuInfo?)","description":"com.example.autocolorsprueba.MainActivity.onCreateContextMenu","location":"app/com.example.autocolorsprueba/-main-activity/on-create-context-menu.html","searchKeys":["onCreateContextMenu","open override fun onCreateContextMenu(menu: ContextMenu, v: View, menuInfo: ContextMenu.ContextMenuInfo?)","com.example.autocolorsprueba.MainActivity.onCreateContextMenu"]},{"name":"open override fun onCreateOptionsMenu(menu: Menu): Boolean","description":"com.example.autocolorsprueba.Filtrar.onCreateOptionsMenu","location":"app/com.example.autocolorsprueba/-filtrar/on-create-options-menu.html","searchKeys":["onCreateOptionsMenu","open override fun onCreateOptionsMenu(menu: Menu): Boolean","com.example.autocolorsprueba.Filtrar.onCreateOptionsMenu"]},{"name":"open override fun onCreateOptionsMenu(menu: Menu): Boolean","description":"com.example.autocolorsprueba.MainActivity.onCreateOptionsMenu","location":"app/com.example.autocolorsprueba/-main-activity/on-create-options-menu.html","searchKeys":["onCreateOptionsMenu","open override fun onCreateOptionsMenu(menu: Menu): Boolean","com.example.autocolorsprueba.MainActivity.onCreateOptionsMenu"]},{"name":"open override fun onCreateViewHolder(parent: ViewGroup, viewType: Int): ColorCocheViewHolder","description":"com.example.autocolorsprueba.adapter.ColorCocheAdapter.onCreateViewHolder","location":"app/com.example.autocolorsprueba.adapter/-color-coche-adapter/on-create-view-holder.html","searchKeys":["onCreateViewHolder","open override fun onCreateViewHolder(parent: ViewGroup, viewType: Int): ColorCocheViewHolder","com.example.autocolorsprueba.adapter.ColorCocheAdapter.onCreateViewHolder"]},{"name":"open override fun onCreateViewHolder(parent: ViewGroup, viewType: Int): ColorFavViewHolder","description":"com.example.autocolorsprueba.adapter.ColorFavAdapter.onCreateViewHolder","location":"app/com.example.autocolorsprueba.adapter/-color-fav-adapter/on-create-view-holder.html","searchKeys":["onCreateViewHolder","open override fun onCreateViewHolder(parent: ViewGroup, viewType: Int): ColorFavViewHolder","com.example.autocolorsprueba.adapter.ColorFavAdapter.onCreateViewHolder"]},{"name":"open override fun onMapReady(googleMap: GoogleMap)","description":"com.example.autocolorsprueba.ColorMaps.onMapReady","location":"app/com.example.autocolorsprueba/-color-maps/on-map-ready.html","searchKeys":["onMapReady","open override fun onMapReady(googleMap: GoogleMap)","com.example.autocolorsprueba.ColorMaps.onMapReady"]},{"name":"open override fun onMyLocationClick(p0: Location)","description":"com.example.autocolorsprueba.ColorMaps.onMyLocationClick","location":"app/com.example.autocolorsprueba/-color-maps/on-my-location-click.html","searchKeys":["onMyLocationClick","open override fun onMyLocationClick(p0: Location)","com.example.autocolorsprueba.ColorMaps.onMyLocationClick"]},{"name":"open override fun onRequestPermissionsResult(requestCode: Int, permissions: Array<out String>, grantResults: IntArray)","description":"com.example.autocolorsprueba.ColorMaps.onRequestPermissionsResult","location":"app/com.example.autocolorsprueba/-color-maps/on-request-permissions-result.html","searchKeys":["onRequestPermissionsResult","open override fun onRequestPermissionsResult(requestCode: Int, permissions: Array<out String>, grantResults: IntArray)","com.example.autocolorsprueba.ColorMaps.onRequestPermissionsResult"]},{"name":"val REQUEST_CODE_GALLERY: Int = 200","description":"com.example.autocolorsprueba.MainActivity.REQUEST_CODE_GALLERY","location":"app/com.example.autocolorsprueba/-main-activity/-r-e-q-u-e-s-t_-c-o-d-e_-g-a-l-l-e-r-y.html","searchKeys":["REQUEST_CODE_GALLERY","val REQUEST_CODE_GALLERY: Int = 200","com.example.autocolorsprueba.MainActivity.REQUEST_CODE_GALLERY"]},{"name":"val anio: Int?","description":"com.example.autocolorsprueba.model.entity.ColorCoche.anio","location":"app/com.example.autocolorsprueba.model.entity/-color-coche/anio.html","searchKeys":["anio","val anio: Int?","com.example.autocolorsprueba.model.entity.ColorCoche.anio"]},{"name":"val anio: Int?","description":"com.example.autocolorsprueba.model.entity.ColorFav.anio","location":"app/com.example.autocolorsprueba.model.entity/-color-fav/anio.html","searchKeys":["anio","val anio: Int?","com.example.autocolorsprueba.model.entity.ColorFav.anio"]},{"name":"val anio: TextView","description":"com.example.autocolorsprueba.adapter.ColorCocheViewHolder.anio","location":"app/com.example.autocolorsprueba.adapter/-color-coche-view-holder/anio.html","searchKeys":["anio","val anio: TextView","com.example.autocolorsprueba.adapter.ColorCocheViewHolder.anio"]},{"name":"val anio: TextView","description":"com.example.autocolorsprueba.adapter.ColorFavViewHolder.anio","location":"app/com.example.autocolorsprueba.adapter/-color-fav-view-holder/anio.html","searchKeys":["anio","val anio: TextView","com.example.autocolorsprueba.adapter.ColorFavViewHolder.anio"]},{"name":"val blue: Int","description":"com.example.autocolorsprueba.httpClient.HttpClient.Coches.blue","location":"app/com.example.autocolorsprueba.httpClient/-http-client/-coches/blue.html","searchKeys":["blue","val blue: Int","com.example.autocolorsprueba.httpClient.HttpClient.Coches.blue"]},{"name":"val blue: Int","description":"com.example.autocolorsprueba.model.entity.ColorCoche.blue","location":"app/com.example.autocolorsprueba.model.entity/-color-coche/blue.html","searchKeys":["blue","val blue: Int","com.example.autocolorsprueba.model.entity.ColorCoche.blue"]},{"name":"val blue: Int","description":"com.example.autocolorsprueba.model.entity.ColorFav.blue","location":"app/com.example.autocolorsprueba.model.entity/-color-fav/blue.html","searchKeys":["blue","val blue: Int","com.example.autocolorsprueba.model.entity.ColorFav.blue"]},{"name":"val catalogueURL: String","description":"com.example.autocolorsprueba.httpClient.HttpClient.Coches.catalogueURL","location":"app/com.example.autocolorsprueba.httpClient/-http-client/-coches/catalogue-u-r-l.html","searchKeys":["catalogueURL","val catalogueURL: String","com.example.autocolorsprueba.httpClient.HttpClient.Coches.catalogueURL"]},{"name":"val catalogueURL: String?","description":"com.example.autocolorsprueba.model.entity.ColorCoche.catalogueURL","location":"app/com.example.autocolorsprueba.model.entity/-color-coche/catalogue-u-r-l.html","searchKeys":["catalogueURL","val catalogueURL: String?","com.example.autocolorsprueba.model.entity.ColorCoche.catalogueURL"]},{"name":"val catalogueURL: String?","description":"com.example.autocolorsprueba.model.entity.ColorFav.catalogueURL","location":"app/com.example.autocolorsprueba.model.entity/-color-fav/catalogue-u-r-l.html","searchKeys":["catalogueURL","val catalogueURL: String?","com.example.autocolorsprueba.model.entity.ColorFav.catalogueURL"]},{"name":"val code: String","description":"com.example.autocolorsprueba.httpClient.HttpClient.Coches.code","location":"app/com.example.autocolorsprueba.httpClient/-http-client/-coches/code.html","searchKeys":["code","val code: String","com.example.autocolorsprueba.httpClient.HttpClient.Coches.code"]},{"name":"val codigo: String?","description":"com.example.autocolorsprueba.model.entity.ColorCoche.codigo","location":"app/com.example.autocolorsprueba.model.entity/-color-coche/codigo.html","searchKeys":["codigo","val codigo: String?","com.example.autocolorsprueba.model.entity.ColorCoche.codigo"]},{"name":"val codigo: String?","description":"com.example.autocolorsprueba.model.entity.ColorFav.codigo","location":"app/com.example.autocolorsprueba.model.entity/-color-fav/codigo.html","searchKeys":["codigo","val codigo: String?","com.example.autocolorsprueba.model.entity.ColorFav.codigo"]},{"name":"val codigo: TextView","description":"com.example.autocolorsprueba.adapter.ColorCocheViewHolder.codigo","location":"app/com.example.autocolorsprueba.adapter/-color-coche-view-holder/codigo.html","searchKeys":["codigo","val codigo: TextView","com.example.autocolorsprueba.adapter.ColorCocheViewHolder.codigo"]},{"name":"val codigo: TextView","description":"com.example.autocolorsprueba.adapter.ColorFavViewHolder.codigo","location":"app/com.example.autocolorsprueba.adapter/-color-fav-view-holder/codigo.html","searchKeys":["codigo","val codigo: TextView","com.example.autocolorsprueba.adapter.ColorFavViewHolder.codigo"]},{"name":"val colorCocheList: MutableList<ColorCoche>","description":"com.example.autocolorsprueba.adapter.ColorCocheAdapter.colorCocheList","location":"app/com.example.autocolorsprueba.adapter/-color-coche-adapter/color-coche-list.html","searchKeys":["colorCocheList","val colorCocheList: MutableList<ColorCoche>","com.example.autocolorsprueba.adapter.ColorCocheAdapter.colorCocheList"]},{"name":"val colorFavList: MutableList<ColorFav>","description":"com.example.autocolorsprueba.adapter.ColorFavAdapter.colorFavList","location":"app/com.example.autocolorsprueba.adapter/-color-fav-adapter/color-fav-list.html","searchKeys":["colorFavList","val colorFavList: MutableList<ColorFav>","com.example.autocolorsprueba.adapter.ColorFavAdapter.colorFavList"]},{"name":"val colorSampleURL: String","description":"com.example.autocolorsprueba.httpClient.HttpClient.Coches.colorSampleURL","location":"app/com.example.autocolorsprueba.httpClient/-http-client/-coches/color-sample-u-r-l.html","searchKeys":["colorSampleURL","val colorSampleURL: String","com.example.autocolorsprueba.httpClient.HttpClient.Coches.colorSampleURL"]},{"name":"val colorsampleURL: String?","description":"com.example.autocolorsprueba.model.entity.ColorCoche.colorsampleURL","location":"app/com.example.autocolorsprueba.model.entity/-color-coche/colorsample-u-r-l.html","searchKeys":["colorsampleURL","val colorsampleURL: String?","com.example.autocolorsprueba.model.entity.ColorCoche.colorsampleURL"]},{"name":"val colorsampleURL: String?","description":"com.example.autocolorsprueba.model.entity.ColorFav.colorsampleURL","location":"app/com.example.autocolorsprueba.model.entity/-color-fav/colorsample-u-r-l.html","searchKeys":["colorsampleURL","val colorsampleURL: String?","com.example.autocolorsprueba.model.entity.ColorFav.colorsampleURL"]},{"name":"val fondo: TextView","description":"com.example.autocolorsprueba.adapter.ColorCocheViewHolder.fondo","location":"app/com.example.autocolorsprueba.adapter/-color-coche-view-holder/fondo.html","searchKeys":["fondo","val fondo: TextView","com.example.autocolorsprueba.adapter.ColorCocheViewHolder.fondo"]},{"name":"val fondo: TextView","description":"com.example.autocolorsprueba.adapter.ColorFavViewHolder.fondo","location":"app/com.example.autocolorsprueba.adapter/-color-fav-view-holder/fondo.html","searchKeys":["fondo","val fondo: TextView","com.example.autocolorsprueba.adapter.ColorFavViewHolder.fondo"]},{"name":"val green: Int","description":"com.example.autocolorsprueba.httpClient.HttpClient.Coches.green","location":"app/com.example.autocolorsprueba.httpClient/-http-client/-coches/green.html","searchKeys":["green","val green: Int","com.example.autocolorsprueba.httpClient.HttpClient.Coches.green"]},{"name":"val green: Int","description":"com.example.autocolorsprueba.model.entity.ColorCoche.green","location":"app/com.example.autocolorsprueba.model.entity/-color-coche/green.html","searchKeys":["green","val green: Int","com.example.autocolorsprueba.model.entity.ColorCoche.green"]},{"name":"val green: Int","description":"com.example.autocolorsprueba.model.entity.ColorFav.green","location":"app/com.example.autocolorsprueba.model.entity/-color-fav/green.html","searchKeys":["green","val green: Int","com.example.autocolorsprueba.model.entity.ColorFav.green"]},{"name":"val hexadecimal: String","description":"com.example.autocolorsprueba.httpClient.HttpClient.Coches.hexadecimal","location":"app/com.example.autocolorsprueba.httpClient/-http-client/-coches/hexadecimal.html","searchKeys":["hexadecimal","val hexadecimal: String","com.example.autocolorsprueba.httpClient.HttpClient.Coches.hexadecimal"]},{"name":"val hexadecimal: String?","description":"com.example.autocolorsprueba.model.entity.ColorCoche.hexadecimal","location":"app/com.example.autocolorsprueba.model.entity/-color-coche/hexadecimal.html","searchKeys":["hexadecimal","val hexadecimal: String?","com.example.autocolorsprueba.model.entity.ColorCoche.hexadecimal"]},{"name":"val hexadecimal: String?","description":"com.example.autocolorsprueba.model.entity.ColorFav.hexadecimal","location":"app/com.example.autocolorsprueba.model.entity/-color-fav/hexadecimal.html","searchKeys":["hexadecimal","val hexadecimal: String?","com.example.autocolorsprueba.model.entity.ColorFav.hexadecimal"]},{"name":"val hexadecimal: TextView","description":"com.example.autocolorsprueba.adapter.ColorCocheViewHolder.hexadecimal","location":"app/com.example.autocolorsprueba.adapter/-color-coche-view-holder/hexadecimal.html","searchKeys":["hexadecimal","val hexadecimal: TextView","com.example.autocolorsprueba.adapter.ColorCocheViewHolder.hexadecimal"]},{"name":"val hexadecimal: TextView","description":"com.example.autocolorsprueba.adapter.ColorFavViewHolder.hexadecimal","location":"app/com.example.autocolorsprueba.adapter/-color-fav-view-holder/hexadecimal.html","searchKeys":["hexadecimal","val hexadecimal: TextView","com.example.autocolorsprueba.adapter.ColorFavViewHolder.hexadecimal"]},{"name":"val id: Long","description":"com.example.autocolorsprueba.httpClient.HttpClient.Coches.id","location":"app/com.example.autocolorsprueba.httpClient/-http-client/-coches/id.html","searchKeys":["id","val id: Long","com.example.autocolorsprueba.httpClient.HttpClient.Coches.id"]},{"name":"val latitude: Double","description":"com.example.autocolorsprueba.ColorMaps.Taller.latitude","location":"app/com.example.autocolorsprueba/-color-maps/-taller/latitude.html","searchKeys":["latitude","val latitude: Double","com.example.autocolorsprueba.ColorMaps.Taller.latitude"]},{"name":"val longitude: Double","description":"com.example.autocolorsprueba.ColorMaps.Taller.longitude","location":"app/com.example.autocolorsprueba/-color-maps/-taller/longitude.html","searchKeys":["longitude","val longitude: Double","com.example.autocolorsprueba.ColorMaps.Taller.longitude"]},{"name":"val maker: String","description":"com.example.autocolorsprueba.httpClient.HttpClient.Coches.maker","location":"app/com.example.autocolorsprueba.httpClient/-http-client/-coches/maker.html","searchKeys":["maker","val maker: String","com.example.autocolorsprueba.httpClient.HttpClient.Coches.maker"]},{"name":"val marca: String?","description":"com.example.autocolorsprueba.model.entity.ColorCoche.marca","location":"app/com.example.autocolorsprueba.model.entity/-color-coche/marca.html","searchKeys":["marca","val marca: String?","com.example.autocolorsprueba.model.entity.ColorCoche.marca"]},{"name":"val marca: String?","description":"com.example.autocolorsprueba.model.entity.ColorFav.marca","location":"app/com.example.autocolorsprueba.model.entity/-color-fav/marca.html","searchKeys":["marca","val marca: String?","com.example.autocolorsprueba.model.entity.ColorFav.marca"]},{"name":"val marca: TextView","description":"com.example.autocolorsprueba.adapter.ColorCocheViewHolder.marca","location":"app/com.example.autocolorsprueba.adapter/-color-coche-view-holder/marca.html","searchKeys":["marca","val marca: TextView","com.example.autocolorsprueba.adapter.ColorCocheViewHolder.marca"]},{"name":"val marca: TextView","description":"com.example.autocolorsprueba.adapter.ColorFavViewHolder.marca","location":"app/com.example.autocolorsprueba.adapter/-color-fav-view-holder/marca.html","searchKeys":["marca","val marca: TextView","com.example.autocolorsprueba.adapter.ColorFavViewHolder.marca"]},{"name":"val match: TextView","description":"com.example.autocolorsprueba.adapter.ColorCocheViewHolder.match","location":"app/com.example.autocolorsprueba.adapter/-color-coche-view-holder/match.html","searchKeys":["match","val match: TextView","com.example.autocolorsprueba.adapter.ColorCocheViewHolder.match"]},{"name":"val match: TextView","description":"com.example.autocolorsprueba.adapter.ColorFavViewHolder.match","location":"app/com.example.autocolorsprueba.adapter/-color-fav-view-holder/match.html","searchKeys":["match","val match: TextView","com.example.autocolorsprueba.adapter.ColorFavViewHolder.match"]},{"name":"val matchPercentage: Double?","description":"com.example.autocolorsprueba.httpClient.HttpClient.Coches.matchPercentage","location":"app/com.example.autocolorsprueba.httpClient/-http-client/-coches/match-percentage.html","searchKeys":["matchPercentage","val matchPercentage: Double?","com.example.autocolorsprueba.httpClient.HttpClient.Coches.matchPercentage"]},{"name":"val matchPercentage: Double?","description":"com.example.autocolorsprueba.model.entity.ColorCoche.matchPercentage","location":"app/com.example.autocolorsprueba.model.entity/-color-coche/match-percentage.html","searchKeys":["matchPercentage","val matchPercentage: Double?","com.example.autocolorsprueba.model.entity.ColorCoche.matchPercentage"]},{"name":"val matchPercentage: Double?","description":"com.example.autocolorsprueba.model.entity.ColorFav.matchPercentage","location":"app/com.example.autocolorsprueba.model.entity/-color-fav/match-percentage.html","searchKeys":["matchPercentage","val matchPercentage: Double?","com.example.autocolorsprueba.model.entity.ColorFav.matchPercentage"]},{"name":"val model: String","description":"com.example.autocolorsprueba.httpClient.HttpClient.Coches.model","location":"app/com.example.autocolorsprueba.httpClient/-http-client/-coches/model.html","searchKeys":["model","val model: String","com.example.autocolorsprueba.httpClient.HttpClient.Coches.model"]},{"name":"val modelo: String?","description":"com.example.autocolorsprueba.model.entity.ColorCoche.modelo","location":"app/com.example.autocolorsprueba.model.entity/-color-coche/modelo.html","searchKeys":["modelo","val modelo: String?","com.example.autocolorsprueba.model.entity.ColorCoche.modelo"]},{"name":"val modelo: String?","description":"com.example.autocolorsprueba.model.entity.ColorFav.modelo","location":"app/com.example.autocolorsprueba.model.entity/-color-fav/modelo.html","searchKeys":["modelo","val modelo: String?","com.example.autocolorsprueba.model.entity.ColorFav.modelo"]},{"name":"val name: String","description":"com.example.autocolorsprueba.ColorMaps.Taller.name","location":"app/com.example.autocolorsprueba/-color-maps/-taller/name.html","searchKeys":["name","val name: String","com.example.autocolorsprueba.ColorMaps.Taller.name"]},{"name":"val nombrePintura: String?","description":"com.example.autocolorsprueba.model.entity.ColorCoche.nombrePintura","location":"app/com.example.autocolorsprueba.model.entity/-color-coche/nombre-pintura.html","searchKeys":["nombrePintura","val nombrePintura: String?","com.example.autocolorsprueba.model.entity.ColorCoche.nombrePintura"]},{"name":"val nombrePintura: String?","description":"com.example.autocolorsprueba.model.entity.ColorFav.nombrePintura","location":"app/com.example.autocolorsprueba.model.entity/-color-fav/nombre-pintura.html","searchKeys":["nombrePintura","val nombrePintura: String?","com.example.autocolorsprueba.model.entity.ColorFav.nombrePintura"]},{"name":"val nombrePintura: TextView","description":"com.example.autocolorsprueba.adapter.ColorCocheViewHolder.nombrePintura","location":"app/com.example.autocolorsprueba.adapter/-color-coche-view-holder/nombre-pintura.html","searchKeys":["nombrePintura","val nombrePintura: TextView","com.example.autocolorsprueba.adapter.ColorCocheViewHolder.nombrePintura"]},{"name":"val paintColorName: String","description":"com.example.autocolorsprueba.httpClient.HttpClient.Coches.paintColorName","location":"app/com.example.autocolorsprueba.httpClient/-http-client/-coches/paint-color-name.html","searchKeys":["paintColorName","val paintColorName: String","com.example.autocolorsprueba.httpClient.HttpClient.Coches.paintColorName"]},{"name":"val red: Int","description":"com.example.autocolorsprueba.httpClient.HttpClient.Coches.red","location":"app/com.example.autocolorsprueba.httpClient/-http-client/-coches/red.html","searchKeys":["red","val red: Int","com.example.autocolorsprueba.httpClient.HttpClient.Coches.red"]},{"name":"val red: Int","description":"com.example.autocolorsprueba.model.entity.ColorCoche.red","location":"app/com.example.autocolorsprueba.model.entity/-color-coche/red.html","searchKeys":["red","val red: Int","com.example.autocolorsprueba.model.entity.ColorCoche.red"]},{"name":"val red: Int","description":"com.example.autocolorsprueba.model.entity.ColorFav.red","location":"app/com.example.autocolorsprueba.model.entity/-color-fav/red.html","searchKeys":["red","val red: Int","com.example.autocolorsprueba.model.entity.ColorFav.red"]},{"name":"val uid: Long","description":"com.example.autocolorsprueba.model.entity.ColorCoche.uid","location":"app/com.example.autocolorsprueba.model.entity/-color-coche/uid.html","searchKeys":["uid","val uid: Long","com.example.autocolorsprueba.model.entity.ColorCoche.uid"]},{"name":"val uid: Long","description":"com.example.autocolorsprueba.model.entity.ColorFav.uid","location":"app/com.example.autocolorsprueba.model.entity/-color-fav/uid.html","searchKeys":["uid","val uid: Long","com.example.autocolorsprueba.model.entity.ColorFav.uid"]},{"name":"val year: Int","description":"com.example.autocolorsprueba.httpClient.HttpClient.Coches.year","location":"app/com.example.autocolorsprueba.httpClient/-http-client/-coches/year.html","searchKeys":["year","val year: Int","com.example.autocolorsprueba.httpClient.HttpClient.Coches.year"]}]
